{"loss": [0.44533318281173706, 0.27225586771965027, 0.23849357664585114, 0.17814375460147858, 0.15261951088905334, 0.12425779551267624, 0.11324147880077362, 0.09707491844892502, 0.08765526115894318, 0.06390933692455292, 0.08819770067930222, 0.07049449533224106, 0.05979562923312187, 0.051792245358228683, 0.050958167761564255, 0.0545254647731781, 0.03962632268667221, 0.05251939967274666, 0.04670363664627075, 0.024065116420388222, 0.0505455881357193, 0.054306767880916595, 0.03200465068221092, 0.02722770906984806, 0.03864004835486412], "accuracy": [0.8106637597084045, 0.8900979161262512, 0.9140369892120361, 0.9412404894828796, 0.9455930590629578, 0.961915135383606, 0.9575625658035278, 0.9630032777786255, 0.9684439897537231, 0.9804134964942932, 0.9662677049636841, 0.9760609269142151, 0.9771490693092346, 0.9825897812843323, 0.9793253540992737, 0.9804134964942932, 0.9825897812843323, 0.9793253540992737, 0.9847660660743713, 0.9923830032348633, 0.9836779236793518, 0.9836779236793518, 0.9891186356544495, 0.9891186356544495, 0.9847660660743713], "val_loss": [0.334087073802948, 0.23936671018600464, 0.17766040563583374, 0.15877105295658112, 0.12832047045230865, 0.12617358565330505, 0.21922188997268677, 0.061983685940504074, 0.04258901998400688, 0.04638642817735672, 0.028087005019187927, 0.025965288281440735, 0.0673648938536644, 0.03286362066864967, 0.04235212504863739, 0.037146519869565964, 0.05928215757012367, 0.0835079625248909, 0.028630616143345833, 0.05365478992462158, 0.02975858561694622, 0.0693860575556755, 0.03452634438872337, 0.05625944957137108, 0.10014932602643967], "val_accuracy": [0.8553459048271179, 0.8773584961891174, 0.9371069073677063, 0.9308176040649414, 0.955974817276001, 0.9496855139732361, 0.9119496941566467, 0.9811320900917053, 0.9842767119407654, 0.9842767119407654, 0.9937106966972351, 0.9905660152435303, 0.9748427867889404, 0.9874213933944702, 0.9811320900917053, 0.9937106966972351, 0.9748427867889404, 0.9685534834861755, 0.9937106966972351, 0.9842767119407654, 0.9905660152435303, 0.9748427867889404, 0.9905660152435303, 0.9842767119407654, 0.9748427867889404]}